Datetime,Water Level (m)
2025-03-13 06:00:00,-0.11527599
2025-03-13 07:00:00,-0.13460477
2025-03-13 08:00:00,-0.14793335
2025-03-13 09:00:00,-0.06967901
2025-03-13 10:00:00,0.15666746
2025-03-13 11:00:00,0.2831833
2025-03-13 12:00:00,0.3656031
2025-03-13 13:00:00,0.37189534
2025-03-13 14:00:00,0.3338686
2025-03-13 15:00:00,0.22434975
2025-03-13 16:00:00,0.07441109
2025-03-13 17:00:00,-0.013146318
2025-03-13 18:00:00,-0.049287383
2025-03-13 19:00:00,-0.07580781
2025-03-13 20:00:00,-0.09812531
2025-03-13 21:00:00,-0.027311625
2025-03-13 22:00:00,0.21624182
2025-03-13 23:00:00,0.34788075
2025-03-14 00:00:00,0.43527293
2025-03-14 01:00:00,0.44865265
2025-03-14 02:00:00,0.41520345
2025-03-14 03:00:00,0.30082318
2025-03-14 04:00:00,0.14876193
2025-03-14 05:00:00,0.056254067
2025-03-14 06:00:00,0.0149771515
2025-03-14 07:00:00,-0.019639814
2025-03-14 08:00:00,-0.053269606
2025-03-14 09:00:00,-0.06518137
2025-03-14 10:00:00,0.1119251
2025-03-14 11:00:00,0.31530696
2025-03-14 12:00:00,0.42314446
2025-03-14 13:00:00,0.46376917
2025-03-14 14:00:00,0.43833792
2025-03-14 15:00:00,0.34351736
2025-03-14 16:00:00,0.18894422
2025-03-14 17:00:00,0.07199929
2025-03-14 18:00:00,0.022428235
2025-03-14 19:00:00,-0.01071273
2025-03-14 20:00:00,-0.04580662
2025-03-14 21:00:00,-0.060148716
2025-03-14 22:00:00,0.10537723
2025-03-14 23:00:00,0.309059
2025-03-15 00:00:00,0.42710233
2025-03-15 01:00:00,0.48046234
2025-03-15 02:00:00,0.46587908
2025-03-15 03:00:00,0.37836006
2025-03-15 04:00:00,0.2236668
2025-03-15 05:00:00,0.09876616
2025-03-15 06:00:00,0.044587098
2025-03-15 07:00:00,0.011654789
2025-03-15 08:00:00,-0.023691531
2025-03-15 09:00:00,-0.052227877
2025-03-15 10:00:00,0.0029927148
2025-03-15 11:00:00,0.2547423
2025-03-15 12:00:00,0.38821378
2025-03-15 13:00:00,0.46929324
2025-03-15 14:00:00,0.46684575
2025-03-15 15:00:00,0.4052805
2025-03-15 16:00:00,0.26406488
2025-03-15 17:00:00,0.11750285
2025-03-15 18:00:00,0.045817107
2025-03-15 19:00:00,0.011839158
2025-03-15 20:00:00,-0.022308357
2025-03-15 21:00:00,-0.052548446
2025-03-15 22:00:00,-0.011199469
2025-03-15 23:00:00,0.22513925
2025-03-16 00:00:00,0.3699354
2025-03-16 01:00:00,0.46271163
2025-03-16 02:00:00,0.46853992
2025-03-16 03:00:00,0.40762973
2025-03-16 04:00:00,0.26871246
2025-03-16 05:00:00,0.122699276
2025-03-16 06:00:00,0.051550183
2025-03-16 07:00:00,0.017974641
2025-03-16 08:00:00,-0.015351997
2025-03-16 09:00:00,-0.04660097
2025-03-16 10:00:00,-0.047911175
2025-03-16 11:00:00,0.16107127
2025-03-16 12:00:00,0.34052214
2025-03-16 13:00:00,0.45018995
2025-03-16 14:00:00,0.486594
2025-03-16 15:00:00,0.45712602
2025-03-16 16:00:00,0.3517059
2025-03-16 17:00:00,0.1933329
2025-03-16 18:00:00,0.08628811
2025-03-16 19:00:00,0.042185877
2025-03-16 20:00:00,0.0066319336
2025-03-16 21:00:00,-0.027879292
2025-03-16 22:00:00,-0.035077523
2025-03-16 23:00:00,0.13609843
2025-03-17 00:00:00,0.32447946
2025-03-17 01:00:00,0.4357109
2025-03-17 02:00:00,0.47692782
2025-03-17 03:00:00,0.4474382
2025-03-17 04:00:00,0.34229136
2025-03-17 05:00:00,0.18722697
2025-03-17 06:00:00,0.08474894
2025-03-17 07:00:00,0.039453015
2025-03-17 08:00:00,0.0065135104
2025-03-17 09:00:00,-0.02632152
2025-03-17 10:00:00,-0.04636645
2025-03-17 11:00:00,0.065707594
2025-03-17 12:00:00,0.29758716
2025-03-17 13:00:00,0.41960412
2025-03-17 14:00:00,0.4903289
2025-03-17 15:00:00,0.4869536
2025-03-17 16:00:00,0.42065287
2025-03-17 17:00:00,0.27797174
2025-03-17 18:00:00,0.1391199
2025-03-17 19:00:00,0.07421779
2025-03-17 20:00:00,0.040574178
2025-03-17 21:00:00,0.004906845
2025-03-17 22:00:00,-0.025247144
2025-03-17 23:00:00,0.02989802
2025-03-18 00:00:00,0.2537987
2025-03-18 01:00:00,0.38549182
2025-03-18 02:00:00,0.4677002
2025-03-18 03:00:00,0.4656297
2025-03-18 04:00:00,0.39501098
2025-03-18 05:00:00,0.2500929
2025-03-18 06:00:00,0.11490284
2025-03-18 07:00:00,0.05105517
2025-03-18 08:00:00,0.019900767
2025-03-18 09:00:00,-0.008717467
2025-03-18 10:00:00,-0.025195418
2025-03-18 11:00:00,0.024660092
2025-03-18 12:00:00,0.2468522
2025-03-18 13:00:00,0.38144338
2025-03-18 14:00:00,0.47658962
2025-03-18 15:00:00,0.49450573
2025-03-18 16:00:00,0.46454862
2025-03-18 17:00:00,0.35773242
2025-03-18 18:00:00,0.21315108
2025-03-18 19:00:00,0.11879856
2025-03-18 20:00:00,0.07453226
2025-03-18 21:00:00,0.037176985
2025-03-18 22:00:00,0.00031621754
2025-03-18 23:00:00,-0.0048191724
2025-03-19 00:00:00,0.15688097
2025-03-19 01:00:00,0.3263738
2025-03-19 02:00:00,0.43073195
2025-03-19 03:00:00,0.46014142
2025-03-19 04:00:00,0.410859
2025-03-19 05:00:00,0.28776982
2025-03-19 06:00:00,0.14235659
